-- phpMyAdmin SQL Dump
-- version 4.6.3
-- https://www.phpmyadmin.net/
--
-- Client :  localhost
-- Généré le :  Jeu 28 Décembre 2017 à 16:15
-- Version du serveur :  5.7.17
-- Version de PHP :  5.6.29-0+deb8u1

SET SQL_MODE = "NO_AUTO_VALUE_ON_ZERO";
SET time_zone = "+00:00";


/*!40101 SET @OLD_CHARACTER_SET_CLIENT=@@CHARACTER_SET_CLIENT */;
/*!40101 SET @OLD_CHARACTER_SET_RESULTS=@@CHARACTER_SET_RESULTS */;
/*!40101 SET @OLD_COLLATION_CONNECTION=@@COLLATION_CONNECTION */;
/*!40101 SET NAMES utf8mb4 */;

--
-- Base de données :  `areudeline_emoticones`
--

-- --------------------------------------------------------

--
-- Structure de la table `emojis`
--

CREATE TABLE `emojis` (
  `ID` int(11) NOT NULL,
  `nom` varchar(255) DEFAULT NULL,
  `url` text
) ENGINE=InnoDB DEFAULT CHARSET=latin1;

--
-- Contenu de la table `emojis`
--

INSERT INTO `emojis` (`ID`, `nom`, `url`) VALUES
(1, 'Ange', 'http://emoticones-data.tp.mmi-lepuy.fr/uploads/emojis/angel.svg'),
(2, 'En colère', 'http://emoticones-data.tp.mmi-lepuy.fr/uploads/emojis/angry.svg'),
(3, 'Arrogant', 'http://emoticones-data.tp.mmi-lepuy.fr/uploads/emojis/arrogant.svg'),
(4, 'Coquin', 'http://emoticones-data.tp.mmi-lepuy.fr/uploads/emojis/cool.svg'),
(5, 'Crise de nerfs', 'http://emoticones-data.tp.mmi-lepuy.fr/uploads/emojis/crying.svg'),
(6, 'Pleurs', 'http://emoticones-data.tp.mmi-lepuy.fr/uploads/emojis/crying-1.svg'),
(7, 'Mignon', 'http://emoticones-data.tp.mmi-lepuy.fr/uploads/emojis/cute.svg'),
(8, 'Embarrassé', 'http://emoticones-data.tp.mmi-lepuy.fr/uploads/emojis/embarasse.svg'),
(9, 'Content', 'http://emoticones-data.tp.mmi-lepuy.fr/uploads/emojis/happy-7.svg'),
(10, 'Blasé', 'http://emoticones-data.tp.mmi-lepuy.fr/uploads/emojis/vain.svg'),
(11, 'Choqué', 'http://emoticones-data.tp.mmi-lepuy.fr/uploads/emojis/surprised-4.svg'),
(12, 'Bisous', 'http://emoticones-data.tp.mmi-lepuy.fr/uploads/emojis/kiss.svg'),
(13, 'Suspicieux', 'http://emoticones-data.tp.mmi-lepuy.fr/uploads/emojis/suspicious.svg'),
(14, 'Dépité', 'http://emoticones-data.tp.mmi-lepuy.fr/uploads/emojis/serious.svg'),
(15, 'Clien d\'oeil', 'http://emoticones-data.tp.mmi-lepuy.fr/uploads/emojis/wink-1.svg'),
(16, 'Nerd', 'http://emoticones-data.tp.mmi-lepuy.fr/uploads/emojis/smart.svg');

-- --------------------------------------------------------

--
-- Structure de la table `impression`
--

CREATE TABLE `impression` (
  `ID` int(11) NOT NULL,
  `nom` varchar(255) DEFAULT NULL,
  `slug` text
) ENGINE=InnoDB DEFAULT CHARSET=latin1;

--
-- Contenu de la table `impression`
--

INSERT INTO `impression` (`ID`, `nom`, `slug`) VALUES
(1, 'Triste', 'triste'),
(2, 'En pleurs', 'en-pleurs'),
(3, 'Larmoyant', 'larmoyant'),
(4, 'Ennuyé', 'ennuye'),
(5, 'Agacé', 'agace'),
(6, 'Endormi', 'endormi'),
(7, 'Heureux', 'heureux'),
(8, 'Joyeux', 'joyeux'),
(9, 'Content', 'content'),
(10, 'Gêné', 'gene'),
(11, 'Arrogant', 'arrogant'),
(12, 'Mécontent', 'mecontent'),
(13, 'Méchant', 'mechant'),
(14, 'Sympathique', 'sympathique'),
(15, 'Mignon', 'mignon'),
(16, 'Adorable', 'adorable'),
(17, 'Coquin', 'coquin'),
(18, 'Pervers', 'pervers'),
(19, 'Ambigu', 'ambigu'),
(20, 'Choqué', 'choque'),
(21, 'Appeuré', 'appeure'),
(22, 'Bienveillant', 'bienveillant'),
(23, 'Sage', 'sage'),
(24, 'Choupi', 'choupi'),
(25, 'Suspicieux', 'suspicieux'),
(26, 'Inquiet', 'inquiet'),
(27, 'Louche', 'louche'),
(28, 'désespéré', 'desespere'),
(29, 'À bout de nerfs', 'a-bout-de-nerfs'),
(30, 'Chelou', 'chelou'),
(31, 'Blasé', 'blase'),
(32, 'Frustré', 'frustre'),
(33, 'Taquin', 'taquin'),
(34, 'Bisounours', 'bisounours'),
(35, 'Épuisé', 'epuise'),
(36, 'Déçu', 'decu'),
(37, 'embarassé', 'embarasse'),
(38, 'Calme', 'calme'),
(39, 'Angélique', 'angelique'),
(40, 'Dégoûté', 'degoute'),
(41, 'Énervé', 'enerve'),
(42, 'Bisous', 'bisous'),
(43, 'Soulé', 'soule'),
(44, 'Amical', 'amical'),
(45, 'Excité', 'excite'),
(46, 'Hautain ', 'hautain'),
(47, 'Dédaigneux ', 'dedaigneux'),
(48, 'Blagueur', 'blagueur'),
(49, 'Intello', 'intello'),
(50, 'Grincheux ', 'grincheux'),
(51, 'Chercheur', 'chercheur'),
(52, 'Kawaii', 'kawaii'),
(53, 'Méch', 'mech'),
(54, 'En colère', 'en-colere'),
(56, 'Gay', 'gay'),
(57, 'Lol', 'lol'),
(58, 'Malheureux', 'malheureux'),
(59, 'Tchatcheur', 'tchatcheur'),
(60, 'coquinou', 'coquinou'),
(61, 'malsain', 'malsain'),
(62, 'Pédophile', 'pedophile'),
(63, 'rigolo', 'rigolo'),
(64, 'rire', 'rire'),
(65, 'étrange', 'etrange'),
(66, 'bizarre', 'bizarre'),
(67, 'Attendrissant', 'attendrissant'),
(68, 'Surpri', 'surpri'),
(69, 'Cool', 'cool'),
(70, 'Con', 'con'),
(71, 'Perdu', 'perdu'),
(72, 'Confus', 'confus');

-- --------------------------------------------------------

--
-- Structure de la table `visiteur`
--

CREATE TABLE `visiteur` (
  `ID` int(11) NOT NULL,
  `sexe` varchar(255) DEFAULT NULL,
  `age` varchar(255) DEFAULT NULL
) ENGINE=InnoDB DEFAULT CHARSET=latin1;

--
-- Contenu de la table `visiteur`
--

INSERT INTO `visiteur` (`ID`, `sexe`, `age`) VALUES
(1, 'homme', '17_21'),
(2, 'homme', '17_21'),
(3, 'femme', '17_21'),
(4, 'homme', '17_21'),
(5, 'femme', '17_21'),
(6, 'homme', '17_21'),
(7, 'femme', '17_21'),
(8, 'femme', '17_21'),
(9, 'homme', '17_21'),
(10, 'homme', '17_21'),
(11, 'femme', '17_21'),
(12, 'femme', '17_21'),
(13, 'femme', '17_21'),
(14, 'homme', '17_21'),
(15, 'femme', '17_21'),
(16, 'homme', '50_59'),
(17, 'homme', '50_59'),
(18, 'homme', '50_59'),
(19, 'femme', '17_21'),
(20, 'homme', '17_21'),
(21, 'homme', '17_21'),
(22, 'femme', '17_21'),
(23, 'femme', '50_59'),
(24, 'homme', '17_21'),
(25, 'homme', '17_21'),
(26, 'homme', '17_21'),
(27, 'homme', '50_59'),
(28, 'homme', '22_30'),
(29, 'femme', '17_21'),
(30, 'femme', '17_21'),
(31, 'femme', '17_21'),
(32, 'femme', '17_21'),
(33, 'femme', '17_21'),
(34, 'homme', '17_21'),
(35, 'femme', '22_30'),
(36, 'homme', '22_30'),
(37, 'femme', '17_21'),
(38, 'homme', '17_21'),
(39, 'femme', '17_21'),
(40, 'femme', '17_21'),
(41, 'femme', '60_'),
(42, 'femme', '17_21'),
(43, 'homme', '17_21'),
(44, 'homme', '17_21'),
(45, 'none', '17_21'),
(46, 'femme', '50_59'),
(47, 'homme', '17_21'),
(48, 'homme', '17_21'),
(49, 'homme', '17_21'),
(50, 'homme', '17_21'),
(51, 'homme', '17_21'),
(52, 'homme', '17_21'),
(53, 'femme', '17_21'),
(54, 'femme', '22_30'),
(55, 'femme', '22_30'),
(56, 'femme', '17_21'),
(57, 'femme', '17_21'),
(58, 'femme', '17_21'),
(59, 'femme', '22_30'),
(60, 'homme', '17_21'),
(61, 'homme', '17_21'),
(62, 'femme', '17_21'),
(63, 'homme', '17_21'),
(64, 'femme', '30_39'),
(65, 'femme', '50_59'),
(66, 'femme', '17_21'),
(67, 'femme', '17_21'),
(68, 'none', '17_21'),
(69, 'homme', '22_30'),
(70, 'femme', '17_21'),
(71, 'femme', '22_30'),
(72, 'femme', '17_21'),
(73, 'homme', '17_21'),
(74, 'femme', '40_49'),
(75, 'femme', '17_21'),
(76, 'femme', '17_21'),
(77, 'femme', '_16'),
(78, 'femme', '22_30'),
(79, 'none', '17_21'),
(80, 'homme', '30_39'),
(81, 'homme', '_16'),
(82, 'femme', '60_'),
(83, 'femme', '22_30'),
(84, 'homme', '40_49'),
(85, 'homme', '22_30'),
(86, 'femme', '17_21'),
(87, 'femme', '17_21'),
(88, 'homme', '17_21'),
(89, 'femme', '17_21'),
(90, 'femme', '17_21'),
(91, 'femme', '17_21'),
(92, 'femme', '17_21'),
(93, 'femme', '30_39'),
(94, 'femme', '22_30');

-- --------------------------------------------------------

--
-- Structure de la table `vote`
--

CREATE TABLE `vote` (
  `ID_emo` int(11) NOT NULL,
  `ID_imp` int(11) NOT NULL,
  `ID_visi` int(11) NOT NULL
) ENGINE=InnoDB DEFAULT CHARSET=latin1;

--
-- Contenu de la table `vote`
--

INSERT INTO `vote` (`ID_emo`, `ID_imp`, `ID_visi`) VALUES
(6, 3, 1),
(6, 2, 1),
(6, 1, 1),
(14, 6, 1),
(14, 5, 1),
(14, 4, 1),
(9, 9, 1),
(9, 8, 1),
(9, 7, 1),
(8, 10, 1),
(8, 8, 1),
(8, 9, 1),
(3, 13, 1),
(3, 12, 1),
(3, 11, 1),
(15, 14, 1),
(15, 8, 1),
(15, 9, 1),
(7, 14, 1),
(7, 15, 1),
(7, 16, 1),
(4, 19, 1),
(4, 18, 1),
(4, 17, 1),
(11, 20, 1),
(11, 21, 1),
(11, 10, 1),
(1, 23, 1),
(1, 22, 1),
(1, 8, 1),
(12, 24, 1),
(12, 15, 1),
(12, 16, 1),
(13, 27, 1),
(13, 26, 1),
(13, 25, 1),
(5, 29, 1),
(5, 28, 1),
(5, 27, 1),
(16, 9, 1),
(16, 30, 1),
(16, 7, 1),
(10, 4, 1),
(10, 31, 1),
(10, 12, 1),
(2, 13, 1),
(2, 12, 1),
(2, 5, 1),
(14, 5, 2),
(14, 4, 2),
(14, 28, 2),
(16, 7, 2),
(16, 8, 2),
(16, 9, 2),
(13, 25, 3),
(13, 23, 3),
(13, 22, 3),
(15, 7, 4),
(15, 8, 4),
(15, 17, 4),
(14, 4, 5),
(14, 32, 5),
(14, 31, 5),
(4, 25, 5),
(4, 17, 5),
(4, 19, 5),
(6, 2, 5),
(6, 1, 5),
(5, 12, 6),
(6, 3, 5),
(5, 5, 6),
(5, 3, 6),
(5, 5, 7),
(5, 32, 7),
(5, 5, 5),
(5, 28, 5),
(5, 32, 5),
(6, 2, 6),
(6, 29, 6),
(9, 7, 7),
(9, 9, 7),
(9, 22, 7),
(16, 9, 5),
(16, 8, 5),
(16, 7, 5),
(16, 10, 7),
(16, 26, 7),
(16, 27, 7),
(14, 4, 8),
(14, 1, 8),
(14, 11, 8),
(3, 1, 9),
(3, 4, 9),
(3, 5, 9),
(2, 5, 10),
(2, 12, 10),
(2, 29, 10),
(10, 12, 7),
(10, 25, 7),
(10, 31, 7),
(2, 12, 11),
(2, 29, 11),
(10, 4, 12),
(10, 31, 12),
(6, 1, 7),
(6, 3, 7),
(6, 2, 7),
(11, 20, 12),
(10, 4, 13),
(10, 5, 13),
(10, 1, 13),
(7, 9, 14),
(7, 7, 14),
(7, 15, 14),
(16, 10, 15),
(16, 9, 15),
(16, 5, 15),
(13, 25, 16),
(13, 27, 16),
(13, 26, 16),
(13, 25, 17),
(13, 27, 17),
(13, 26, 17),
(13, 25, 18),
(13, 27, 18),
(13, 26, 18),
(5, 1, 19),
(5, 2, 19),
(5, 21, 19),
(14, 1, 20),
(14, 2, 20),
(14, 4, 20),
(12, 24, 21),
(12, 15, 21),
(12, 7, 21),
(14, 5, 22),
(14, 4, 22),
(14, 10, 22),
(2, 5, 19),
(2, 12, 19),
(2, 13, 19),
(1, 33, 23),
(6, 1, 19),
(6, 2, 19),
(10, 12, 24),
(10, 5, 24),
(10, 32, 24),
(11, 20, 25),
(12, 34, 23),
(12, 7, 23),
(12, 22, 23),
(12, 8, 26),
(12, 14, 26),
(12, 33, 26),
(15, 14, 27),
(15, 15, 27),
(15, 33, 27),
(8, 8, 28),
(8, 7, 28),
(8, 10, 28),
(5, 35, 28),
(5, 29, 28),
(5, 1, 28),
(9, 7, 28),
(9, 9, 28),
(9, 8, 28),
(3, 12, 29),
(3, 1, 29),
(3, 5, 29),
(16, 8, 30),
(16, 9, 30),
(16, 3, 30),
(14, 4, 31),
(14, 31, 31),
(10, 36, 32),
(10, 32, 32),
(16, 7, 33),
(16, 14, 33),
(13, 13, 34),
(8, 37, 35),
(13, 22, 34),
(8, 10, 35),
(13, 25, 34),
(8, 14, 35),
(4, 17, 35),
(4, 18, 35),
(4, 7, 35),
(4, 17, 36),
(4, 33, 36),
(3, 11, 35),
(3, 5, 35),
(3, 12, 35),
(16, 30, 35),
(16, 27, 35),
(16, 9, 35),
(7, 15, 35),
(7, 24, 35),
(7, 16, 35),
(9, 38, 35),
(9, 7, 35),
(9, 9, 35),
(13, 25, 35),
(13, 27, 35),
(13, 26, 35),
(5, 29, 35),
(5, 35, 35),
(5, 28, 35),
(8, 10, 37),
(8, 37, 37),
(1, 39, 35),
(1, 22, 35),
(1, 15, 35),
(4, 17, 37),
(4, 19, 37),
(11, 40, 35),
(11, 21, 35),
(11, 20, 35),
(13, 25, 37),
(15, 9, 37),
(15, 33, 37),
(2, 41, 35),
(2, 5, 35),
(2, 13, 35),
(6, 3, 35),
(6, 1, 35),
(6, 2, 35),
(6, 1, 37),
(6, 2, 37),
(14, 31, 35),
(14, 6, 35),
(14, 4, 35),
(10, 5, 37),
(10, 31, 37),
(12, 42, 35),
(12, 34, 35),
(12, 15, 35),
(16, 7, 37),
(16, 9, 37),
(10, 43, 35),
(10, 31, 35),
(10, 4, 35),
(2, 41, 37),
(12, 8, 38),
(12, 15, 38),
(12, 33, 38),
(15, 44, 35),
(15, 8, 35),
(15, 9, 35),
(7, 9, 39),
(7, 15, 39),
(7, 22, 39),
(15, 44, 39),
(15, 14, 39),
(15, 7, 39),
(16, 7, 40),
(16, 6, 40),
(16, 4, 40),
(16, 45, 39),
(16, 8, 39),
(16, 14, 39),
(2, 12, 39),
(2, 25, 39),
(2, 43, 39),
(10, 5, 39),
(10, 31, 39),
(10, 36, 39),
(12, 7, 39),
(12, 15, 39),
(12, 42, 39),
(3, 4, 41),
(3, 10, 41),
(3, 1, 41),
(13, 25, 42),
(13, 19, 42),
(13, 33, 42),
(3, 12, 43),
(3, 31, 43),
(3, 11, 43),
(1, 7, 43),
(1, 8, 43),
(1, 22, 43),
(15, 14, 43),
(15, 44, 43),
(15, 33, 43),
(9, 22, 44),
(9, 39, 44),
(9, 44, 44),
(16, 19, 45),
(16, 10, 45),
(16, 44, 45),
(2, 5, 44),
(2, 12, 44),
(2, 29, 44),
(15, 8, 46),
(15, 7, 46),
(15, 9, 46),
(3, 46, 47),
(3, 12, 47),
(3, 11, 47),
(13, 25, 47),
(5, 1, 48),
(5, 32, 48),
(5, 41, 48),
(15, 14, 49),
(15, 7, 49),
(15, 8, 49),
(10, 1, 50),
(10, 5, 50),
(10, 12, 50),
(3, 46, 48),
(3, 11, 48),
(5, 8, 51),
(5, 33, 51),
(5, 44, 51),
(2, 41, 52),
(2, 5, 52),
(2, 29, 52),
(4, 7, 52),
(4, 9, 52),
(4, 17, 52),
(15, 8, 53),
(15, 9, 53),
(15, 7, 53),
(1, 22, 54),
(1, 23, 54),
(1, 34, 54),
(14, 31, 55),
(14, 5, 55),
(14, 28, 55),
(15, 9, 55),
(15, 14, 55),
(15, 24, 55),
(1, 39, 55),
(1, 22, 55),
(1, 34, 55),
(6, 2, 55),
(6, 3, 55),
(6, 1, 55),
(4, 17, 55),
(4, 25, 55),
(4, 27, 55),
(13, 25, 55),
(13, 27, 55),
(13, 30, 55),
(16, 9, 55),
(16, 8, 55),
(16, 7, 55),
(9, 9, 55),
(9, 38, 55),
(2, 41, 55),
(2, 12, 55),
(2, 5, 55),
(14, 28, 56),
(14, 31, 56),
(14, 36, 56),
(2, 12, 57),
(2, 29, 57),
(2, 41, 57),
(11, 10, 57),
(11, 20, 57),
(11, 26, 57),
(14, 43, 57),
(14, 36, 57),
(14, 31, 57),
(2, 41, 58),
(2, 1, 58),
(2, 5, 58),
(7, 7, 47),
(7, 10, 47),
(7, 15, 47),
(10, 12, 59),
(10, 31, 59),
(10, 32, 59),
(14, 4, 60),
(14, 5, 60),
(14, 3, 60),
(1, 8, 60),
(1, 17, 60),
(1, 23, 60),
(5, 2, 60),
(5, 29, 60),
(5, 28, 60),
(16, 44, 60),
(16, 7, 60),
(3, 47, 37),
(12, 9, 37),
(12, 42, 37),
(11, 20, 37),
(9, 9, 37),
(1, 23, 37),
(7, 9, 37),
(7, 15, 37),
(5, 12, 37),
(5, 28, 37),
(5, 29, 37),
(14, 5, 37),
(14, 31, 37),
(14, 31, 61),
(14, 47, 61),
(14, 43, 61),
(6, 1, 62),
(6, 2, 62),
(6, 3, 62),
(4, 17, 62),
(4, 19, 62),
(4, 33, 62),
(1, 9, 62),
(1, 23, 62),
(1, 33, 62),
(12, 15, 62),
(12, 14, 62),
(12, 16, 62),
(8, 10, 62),
(11, 20, 55),
(11, 31, 55),
(11, 30, 55),
(12, 15, 55),
(12, 42, 55),
(3, 32, 55),
(3, 35, 55),
(3, 43, 55),
(10, 11, 55),
(10, 47, 55),
(5, 1, 55),
(5, 32, 55),
(5, 29, 55),
(7, 15, 55),
(7, 22, 55),
(7, 23, 55),
(8, 10, 55),
(8, 19, 55),
(8, 37, 55),
(2, 5, 63),
(2, 13, 63),
(2, 41, 63),
(5, 29, 64),
(5, 35, 64),
(5, 5, 64),
(15, 48, 65),
(15, 14, 65),
(15, 17, 65),
(9, 7, 65),
(9, 8, 65),
(9, 9, 65),
(13, 25, 65),
(13, 26, 65),
(13, 49, 65),
(2, 50, 65),
(2, 32, 65),
(2, 12, 65),
(12, 7, 66),
(12, 9, 66),
(12, 8, 66),
(10, 36, 67),
(10, 40, 67),
(10, 50, 67),
(10, 4, 68),
(10, 12, 68),
(10, 43, 68),
(3, 4, 69),
(3, 46, 69),
(3, 47, 69),
(13, 51, 69),
(13, 49, 69),
(13, 25, 69),
(1, 39, 70),
(1, 22, 70),
(1, 7, 70),
(2, 12, 71),
(2, 29, 71),
(2, 41, 71),
(10, 11, 71),
(10, 25, 71),
(10, 47, 71),
(4, 19, 72),
(4, 33, 72),
(4, 27, 72),
(3, 4, 73),
(3, 3, 73),
(3, 28, 73),
(1, 7, 28),
(1, 8, 28),
(1, 22, 28),
(3, 12, 28),
(3, 11, 28),
(3, 47, 28),
(11, 21, 28),
(11, 26, 28),
(11, 20, 28),
(12, 42, 28),
(12, 15, 28),
(12, 8, 28),
(10, 13, 28),
(10, 12, 28),
(10, 47, 28),
(14, 6, 28),
(14, 4, 28),
(14, 11, 28),
(2, 54, 28),
(2, 13, 28),
(2, 5, 28),
(7, 15, 28),
(7, 16, 28),
(7, 52, 28),
(4, 18, 28),
(4, 17, 28),
(4, 45, 28),
(11, 1, 74),
(11, 42, 74),
(8, 57, 74),
(8, 56, 74),
(8, 10, 75),
(2, 12, 75),
(2, 50, 75),
(2, 54, 75),
(3, 46, 75),
(3, 47, 75),
(3, 11, 75),
(12, 7, 75),
(12, 15, 75),
(12, 44, 75),
(6, 58, 28),
(6, 1, 28),
(6, 3, 28),
(16, 7, 28),
(16, 9, 28),
(16, 14, 28),
(15, 7, 28),
(15, 14, 28),
(15, 44, 28),
(13, 27, 28),
(13, 25, 28),
(13, 30, 28),
(4, 59, 76),
(4, 51, 76),
(4, 62, 77),
(4, 61, 77),
(4, 60, 77),
(5, 64, 76),
(5, 63, 76),
(5, 57, 76),
(8, 67, 78),
(8, 30, 78),
(8, 33, 78),
(12, 42, 79),
(12, 67, 79),
(12, 60, 79),
(9, 16, 81),
(9, 4, 81),
(9, 11, 81),
(6, 5, 81),
(6, 20, 81),
(6, 50, 81),
(6, 67, 82),
(6, 46, 82),
(6, 53, 82),
(8, 44, 82),
(8, 34, 82),
(8, 40, 82),
(8, 38, 83),
(8, 4, 83),
(8, 61, 83),
(8, 4, 84),
(8, 35, 84),
(8, 54, 84),
(11, 15, 84),
(11, 3, 84),
(11, 52, 84),
(11, 42, 85),
(11, 15, 85),
(11, 3, 85),
(13, 51, 86),
(13, 49, 86),
(13, 12, 86),
(7, 19, 88),
(7, 16, 88),
(7, 48, 88),
(4, 19, 88),
(4, 48, 88),
(4, 46, 88),
(6, 29, 88),
(6, 2, 88),
(6, 3, 88),
(14, 31, 88),
(14, 41, 88),
(14, 36, 88),
(9, 14, 88),
(15, 44, 89),
(15, 48, 89),
(15, 17, 89),
(3, 47, 89),
(3, 41, 89),
(3, 46, 89),
(6, 2, 89),
(6, 1, 89),
(1, 44, 89),
(1, 39, 89),
(1, 22, 89),
(4, 17, 90),
(12, 16, 91),
(12, 44, 91),
(15, 17, 92),
(15, 11, 92),
(15, 48, 92),
(2, 29, 93),
(2, 54, 93),
(2, 13, 93),
(12, 16, 94),
(12, 42, 94),
(9, 44, 94),
(9, 9, 94),
(9, 38, 94),
(11, 37, 94),
(11, 28, 94),
(11, 65, 94),
(1, 16, 94),
(1, 22, 94),
(1, 39, 94),
(8, 10, 94),
(8, 70, 94),
(8, 72, 94),
(14, 37, 94),
(14, 4, 94),
(14, 31, 94),
(10, 54, 94),
(10, 41, 94),
(10, 31, 94),
(15, 22, 94),
(15, 44, 94),
(15, 17, 94),
(7, 17, 94),
(7, 60, 94),
(7, 48, 94),
(3, 4, 94),
(3, 31, 94),
(3, 47, 94),
(4, 9, 94),
(4, 17, 94),
(4, 60, 94),
(16, 9, 94),
(16, 16, 94),
(6, 4, 94),
(6, 2, 94),
(6, 28, 94),
(2, 54, 94),
(2, 41, 94),
(2, 29, 94);

--
-- Index pour les tables exportées
--

--
-- Index pour la table `emojis`
--
ALTER TABLE `emojis`
  ADD PRIMARY KEY (`ID`);

--
-- Index pour la table `impression`
--
ALTER TABLE `impression`
  ADD PRIMARY KEY (`ID`);

--
-- Index pour la table `visiteur`
--
ALTER TABLE `visiteur`
  ADD PRIMARY KEY (`ID`);

--
-- Index pour la table `vote`
--
ALTER TABLE `vote`
  ADD KEY `link_emo_vote` (`ID_emo`),
  ADD KEY `link_imp_vote` (`ID_imp`),
  ADD KEY `link_visi_vote` (`ID_visi`);

--
-- AUTO_INCREMENT pour les tables exportées
--

--
-- AUTO_INCREMENT pour la table `emojis`
--
ALTER TABLE `emojis`
  MODIFY `ID` int(11) NOT NULL AUTO_INCREMENT, AUTO_INCREMENT=17;
--
-- AUTO_INCREMENT pour la table `impression`
--
ALTER TABLE `impression`
  MODIFY `ID` int(11) NOT NULL AUTO_INCREMENT, AUTO_INCREMENT=73;
--
-- AUTO_INCREMENT pour la table `visiteur`
--
ALTER TABLE `visiteur`
  MODIFY `ID` int(11) NOT NULL AUTO_INCREMENT, AUTO_INCREMENT=95;
--
-- Contraintes pour les tables exportées
--

--
-- Contraintes pour la table `vote`
--
ALTER TABLE `vote`
  ADD CONSTRAINT `link_emo_vote` FOREIGN KEY (`ID_emo`) REFERENCES `emojis` (`ID`) ON DELETE CASCADE,
  ADD CONSTRAINT `link_imp_vote` FOREIGN KEY (`ID_imp`) REFERENCES `impression` (`ID`) ON DELETE CASCADE,
  ADD CONSTRAINT `link_visi_vote` FOREIGN KEY (`ID_visi`) REFERENCES `visiteur` (`ID`) ON DELETE CASCADE;

/*!40101 SET CHARACTER_SET_CLIENT=@OLD_CHARACTER_SET_CLIENT */;
/*!40101 SET CHARACTER_SET_RESULTS=@OLD_CHARACTER_SET_RESULTS */;
/*!40101 SET COLLATION_CONNECTION=@OLD_COLLATION_CONNECTION */;
